slug,symbol,name_kr,name_en,market,exchange
000250,000250.KQ,삼천당제약,삼천당제약,KOSDAQ,KRX
0009k0,0009K0.KQ,에임드바이오,에임드바이오,KOSDAQ,KRX
003380,003380.KQ,하림지주,하림지주,KOSDAQ,KRX
005290,005290.KQ,동진쎄미켐,동진쎄미켐,KOSDAQ,KRX
006910,006910.KQ,보성파워텍,보성파워텍,KOSDAQ,KRX
007390,007390.KQ,네이처셀,네이처셀,KOSDAQ,KRX
0082n0,0082N0.KQ,카나프테라퓨틱스,카나프테라퓨틱스,KOSDAQ,KRX
009520,009520.KQ,포스코엠텍,포스코엠텍,KOSDAQ,KRX
010170,010170.KQ,대한광통신,대한광통신,KOSDAQ,KRX
014620,014620.KQ,성광벤드,성광벤드,KOSDAQ,KRX
015750,015750.KQ,성우하이텍,성우하이텍,KOSDAQ,KRX
023160,023160.KQ,태광,태광,KOSDAQ,KRX
025320,025320.KQ,시노펙스,시노펙스,KOSDAQ,KRX
030530,030530.KQ,원익홀딩스,원익홀딩스,KOSDAQ,KRX
031980,031980.KQ,피에스케이홀딩스,피에스케이홀딩스,KOSDAQ,KRX
032190,032190.KQ,다우데이타,다우데이타,KOSDAQ,KRX
032500,032500.KQ,케이엠더블유,케이엠더블유,KOSDAQ,KRX
032820,032820.KQ,우리기술,우리기술,KOSDAQ,KRX
033100,033100.KQ,제룡전기,제룡전기,KOSDAQ,KRX
033500,033500.KQ,동성화인텍,동성화인텍,KOSDAQ,KRX
036810,036810.KQ,에프에스티,에프에스티,KOSDAQ,KRX
036830,036830.KQ,솔브레인홀딩스,솔브레인홀딩스,KOSDAQ,KRX
036930,036930.KQ,주성엔지니어링,주성엔지니어링,KOSDAQ,KRX
038500,038500.KQ,삼표시멘트,삼표시멘트,KOSDAQ,KRX
039200,039200.KQ,오스코텍,오스코텍,KOSDAQ,KRX
042520,042520.KQ,한스바이오메드,한스바이오메드,KOSDAQ,KRX
043260,043260.KQ,성호전자,성호전자,KOSDAQ,KRX
044490,044490.KQ,태웅,태웅,KOSDAQ,KRX
046890,046890.KQ,서울반도체,서울반도체,KOSDAQ,KRX
048410,048410.KQ,현대바이오,현대바이오,KOSDAQ,KRX
050890,050890.KQ,쏠리드,쏠리드,KOSDAQ,KRX
052020,052020.KQ,에스티큐브,에스티큐브,KOSDAQ,KRX
052400,052400.KQ,코나아이,코나아이,KOSDAQ,KRX
053610,053610.KQ,프로텍,프로텍,KOSDAQ,KRX
056080,056080.KQ,유진로봇,유진로봇,KOSDAQ,KRX
056190,056190.KQ,에스에프에이,에스에프에이,KOSDAQ,KRX
058610,058610.KQ,에스피지,에스피지,KOSDAQ,KRX
060280,060280.KQ,큐렉소,큐렉소,KOSDAQ,KRX
064760,064760.KQ,티씨케이,티씨케이,KOSDAQ,KRX
067310,067310.KQ,하나마이크론,하나마이크론,KOSDAQ,KRX
077360,077360.KQ,덕산하이메탈,덕산하이메탈,KOSDAQ,KRX
078160,078160.KQ,메디포스트,메디포스트,KOSDAQ,KRX
078600,078600.KQ,대주전자재료,대주전자재료,KOSDAQ,KRX
079370,079370.KQ,제우스,제우스,KOSDAQ,KRX
080220,080220.KQ,제주반도체,제주반도체,KOSDAQ,KRX
082270,082270.KQ,젬백스,젬백스,KOSDAQ,KRX
082920,082920.KQ,비츠로셀,비츠로셀,KOSDAQ,KRX
083650,083650.KQ,비에이치아이,비에이치아이,KOSDAQ,KRX
084110,084110.KQ,휴온스글로벌,휴온스글로벌,KOSDAQ,KRX
085660,085660.KQ,차바이오텍,차바이오텍,KOSDAQ,KRX
086450,086450.KQ,동국제약,동국제약,KOSDAQ,KRX
086900,086900.KQ,메디톡스,메디톡스,KOSDAQ,KRX
087010,087010.KQ,펩트론,펩트론,KOSDAQ,KRX
089030,089030.KQ,테크윙,테크윙,KOSDAQ,KRX
089970,089970.KQ,브이엠,브이엠,KOSDAQ,KRX
090360,090360.KQ,로보스타,로보스타,KOSDAQ,KRX
090710,090710.KQ,휴림로봇,휴림로봇,KOSDAQ,KRX
094170,094170.KQ,동운아나텍,동운아나텍,KOSDAQ,KRX
095610,095610.KQ,테스,테스,KOSDAQ,KRX
096530,096530.KQ,씨젠,씨젠,KOSDAQ,KRX
098460,098460.KQ,고영,고영,KOSDAQ,KRX
099190,099190.KQ,아이센스,아이센스,KOSDAQ,KRX
099320,099320.KQ,쎄트렉아이,쎄트렉아이,KOSDAQ,KRX
100790,100790.KQ,미래에셋벤처투자,미래에셋벤처투자,KOSDAQ,KRX
101490,101490.KQ,에스앤에스텍,에스앤에스텍,KOSDAQ,KRX
102710,102710.KQ,이엔에프테크놀로지,이엔에프테크놀로지,KOSDAQ,KRX
102940,102940.KQ,코오롱생명과학,코오롱생명과학,KOSDAQ,KRX
108490,108490.KQ,로보티즈,로보티즈,KOSDAQ,KRX
115180,115180.KQ,큐리언트,큐리언트,KOSDAQ,KRX
119850,119850.KQ,지엔씨에너지,지엔씨에너지,KOSDAQ,KRX
121600,121600.KQ,나노신소재,나노신소재,KOSDAQ,KRX
122870,122870.KQ,와이지엔터테인먼트,와이지엔터테인먼트,KOSDAQ,KRX
124500,124500.KQ,아이티센글로벌,아이티센글로벌,KOSDAQ,KRX
125490,125490.KQ,한라캐스트,한라캐스트,KOSDAQ,KRX
126340,126340.KQ,비나텍,비나텍,KOSDAQ,KRX
127120,127120.KQ,제이에스링크,제이에스링크,KOSDAQ,KRX
131290,131290.KQ,티에스이,티에스이,KOSDAQ,KRX
131970,131970.KQ,두산테스나,두산테스나,KOSDAQ,KRX
137400,137400.KQ,피엔티,피엔티,KOSDAQ,KRX
140410,140410.KQ,메지온,메지온,KOSDAQ,KRX
140860,140860.KQ,파크시스템스,파크시스템스,KOSDAQ,KRX
141080,141080.KQ,리가켐바이오,리가켐바이오,KOSDAQ,KRX
145020,145020.KQ,휴젤,휴젤,KOSDAQ,KRX
160190,160190.KQ,하이젠알앤엠,하이젠알앤엠,KOSDAQ,KRX
161580,161580.KQ,필옵틱스,필옵틱스,KOSDAQ,KRX
166090,166090.KQ,하나머티리얼즈,하나머티리얼즈,KOSDAQ,KRX
171090,171090.KQ,선익시스템,선익시스템,KOSDAQ,KRX
174900,174900.KQ,앱클론,앱클론,KOSDAQ,KRX
178320,178320.KQ,서진시스템,서진시스템,KOSDAQ,KRX
183300,183300.KQ,코미코,코미코,KOSDAQ,KRX
189300,189300.KQ,인텔리안테크,인텔리안테크,KOSDAQ,KRX
200710,200710.KQ,에이디테크놀로지,에이디테크놀로지,KOSDAQ,KRX
204270,204270.KQ,제이앤티씨,제이앤티씨,KOSDAQ,KRX
211050,211050.KQ,인카금융서비스,인카금융서비스,KOSDAQ,KRX
213420,213420.KQ,덕산네오룩스,덕산네오룩스,KOSDAQ,KRX
214370,214370.KQ,케어젠,케어젠,KOSDAQ,KRX
214430,214430.KQ,아이쓰리시스템,아이쓰리시스템,KOSDAQ,KRX
222080,222080.KQ,씨아이에스,씨아이에스,KOSDAQ,KRX
222800,222800.KQ,심텍,심텍,KOSDAQ,KRX
225570,225570.KQ,넥슨게임즈,넥슨게임즈,KOSDAQ,KRX
226950,226950.KQ,올릭스,올릭스,KOSDAQ,KRX
232140,232140.KQ,와이씨,와이씨,KOSDAQ,KRX
237690,237690.KQ,에스티팜,에스티팜,KOSDAQ,KRX
24,042000.KQ,카페24,카페24,KOSDAQ,KRX
241710,241710.KQ,코스메카코리아,코스메카코리아,KOSDAQ,KRX
251970,251970.KQ,펌텍코리아,펌텍코리아,KOSDAQ,KRX
252990,252990.KQ,샘씨엔에스,샘씨엔에스,KOSDAQ,KRX
253590,253590.KQ,네오셈,네오셈,KOSDAQ,KRX
257720,257720.KQ,실리콘투,실리콘투,KOSDAQ,KRX
272290,272290.KQ,이녹스첨단소재,이녹스첨단소재,KOSDAQ,KRX
277810,277810.KQ,레인보우로보틱스,레인보우로보틱스,KOSDAQ,KRX
278280,278280.KQ,천보,천보,KOSDAQ,KRX
281740,281740.KQ,레이크머티리얼즈,레이크머티리얼즈,KOSDAQ,KRX
287840,287840.KQ,인투셀,인투셀,KOSDAQ,KRX
290650,290650.KQ,엘앤씨바이오,엘앤씨바이오,KOSDAQ,KRX
295310,295310.KQ,에이치브이엠,에이치브이엠,KOSDAQ,KRX
298380,298380.KQ,에이비엘바이오,에이비엘바이오,KOSDAQ,KRX
310210,310210.KQ,보로노이,보로노이,KOSDAQ,KRX
319400,319400.KQ,현대무벡스,현대무벡스,KOSDAQ,KRX
319660,319660.KQ,피에스케이,피에스케이,KOSDAQ,KRX
323280,323280.KQ,태성,태성,KOSDAQ,KRX
328130,328130.KQ,루닛,루닛,KOSDAQ,KRX
336570,336570.KQ,원텍,원텍,KOSDAQ,KRX
347700,347700.KQ,스피어,스피어,KOSDAQ,KRX
347850,347850.KQ,디앤디파마텍,디앤디파마텍,KOSDAQ,KRX
348210,348210.KQ,넥스틴,넥스틴,KOSDAQ,KRX
348340,348340.KQ,뉴로메카,뉴로메카,KOSDAQ,KRX
348370,348370.KQ,엔켐,엔켐,KOSDAQ,KRX
356860,356860.KQ,티엘비,티엘비,KOSDAQ,KRX
357780,357780.KQ,솔브레인,솔브레인,KOSDAQ,KRX
358570,358570.KQ,지아이이노베이션,지아이이노베이션,KOSDAQ,KRX
365340,365340.KQ,성일하이텍,성일하이텍,KOSDAQ,KRX
372320,372320.KQ,큐로셀,큐로셀,KOSDAQ,KRX
376300,376300.KQ,디어유,디어유,KOSDAQ,KRX
376900,376900.KQ,로킷헬스케어,로킷헬스케어,KOSDAQ,KRX
383310,383310.KQ,에코프로에이치엔,에코프로에이치엔,KOSDAQ,KRX
388210,388210.KQ,씨엠티엑스,씨엠티엑스,KOSDAQ,KRX
388720,388720.KQ,유일로보틱스,유일로보틱스,KOSDAQ,KRX
389470,389470.KQ,인벤티지랩,인벤티지랩,KOSDAQ,KRX
389650,389650.KQ,넥스트바이오메디컬,넥스트바이오메디컬,KOSDAQ,KRX
397030,397030.KQ,에이프릴바이오,에이프릴바이오,KOSDAQ,KRX
399720,399720.KQ,가온칩스,가온칩스,KOSDAQ,KRX
420770,420770.KQ,기가비스,기가비스,KOSDAQ,KRX
424870,424870.KQ,이뮨온시아,이뮨온시아,KOSDAQ,KRX
425420,425420.KQ,티에프이,티에프이,KOSDAQ,KRX
437730,437730.KQ,삼현,삼현,KOSDAQ,KRX
440110,440110.KQ,파두,파두,KOSDAQ,KRX
445680,445680.KQ,큐리옥스바이오시스템즈,큐리옥스바이오시스템즈,KOSDAQ,KRX
448900,448900.KQ,한국피아이엠,한국피아이엠,KOSDAQ,KRX
456160,456160.KQ,지투지바이오,지투지바이오,KOSDAQ,KRX
458870,458870.KQ,씨어스테크놀로지,씨어스테크놀로지,KOSDAQ,KRX
460930,460930.KQ,현대힘스,현대힘스,KOSDAQ,KRX
466100,466100.KQ,클로봇,클로봇,KOSDAQ,KRX
468530,468530.KQ,프로티나,프로티나,KOSDAQ,KRX
475830,475830.KQ,오름테라퓨틱,오름테라퓨틱,KOSDAQ,KRX
475960,475960.KQ,토모큐브,토모큐브,KOSDAQ,KRX
476060,476060.KQ,온코닉테라퓨틱스,온코닉테라퓨틱스,KOSDAQ,KRX
476830,476830.KQ,알지노믹스,알지노믹스,KOSDAQ,KRX
486990,486990.KQ,노타,노타,KOSDAQ,KRX
488900,488900.KQ,비츠로넥스텍,비츠로넥스텍,KOSDAQ,KRX
490470,490470.KQ,세미파이브,세미파이브,KOSDAQ,KRX
491000,491000.KQ,리브스메드,리브스메드,KOSDAQ,KRX
950160,950160.KQ,코오롱티슈진,코오롱티슈진,KOSDAQ,KRX
adm,187660.KQ,현대ADM,현대ADM,KOSDAQ,KRX
afreecatv,067160.KQ,SOOP,SOOP,KOSDAQ,KRX
ahnlab,053800.KQ,안랩,안랩,KOSDAQ,KRX
alteogen,196170.KQ,알테오젠,알테오젠,KOSDAQ,KRX
ananti,025980.KQ,아난티,아난티,KOSDAQ,KRX
celltrion-pharm,068760.KQ,셀트리온제약,셀트리온제약,KOSDAQ,KRX
cj-enm,035760.KQ,CJ ENM,CJ ENM,KOSDAQ,KRX
classys,214150.KQ,클래시스,클래시스,KOSDAQ,KRX
ecopro,086520.KQ,에코프로,에코프로,KOSDAQ,KRX
ecopro-bm,247540.KQ,에코프로비엠,에코프로비엠,KOSDAQ,KRX
eo-technics,039030.KQ,이오테크닉스,이오테크닉스,KOSDAQ,KRX
eugene-technology,084370.KQ,유진테크,유진테크,KOSDAQ,KRX
hk,195940.KQ,HK이노엔,HK이노엔,KOSDAQ,KRX
hlb,024850.KQ,HLB이노베이션,HLB이노베이션,KOSDAQ,KRX
hlb-2,028300.KQ,HLB,HLB,KOSDAQ,KRX
hpsp,403870.KQ,HPSP,HPSP,KOSDAQ,KRX
ib,027360.KQ,아주IB투자,아주IB투자,KOSDAQ,KRX
ips,240810.KQ,원익IPS,원익IPS,KOSDAQ,KRX
isc,095340.KQ,ISC,ISC,KOSDAQ,KRX
jyp-ent,035900.KQ,JYP Ent.,JYP Ent.,KOSDAQ,KRX
kakao-games,293490.KQ,카카오게임즈,카카오게임즈,KOSDAQ,KRX
komipharm,041960.KQ,코미팜,코미팜,KOSDAQ,KRX
leeno-industrial,058470.KQ,리노공업,리노공업,KOSDAQ,KRX
ls-2,060370.KQ,LS마린솔루션,LS마린솔루션,KOSDAQ,KRX
ls-3,417200.KQ,LS머트리얼즈,LS머트리얼즈,KOSDAQ,KRX
nhn-kcp,060250.KQ,NHN KCP,NHN KCP,KOSDAQ,KRX
pearl-abyss,263750.KQ,펄어비스,펄어비스,KOSDAQ,KRX
pharmaresearch,214450.KQ,파마리서치,파마리서치,KOSDAQ,KRX
qnc,074600.KQ,원익QnC,원익QnC,KOSDAQ,KRX
rfhic,218410.KQ,RFHIC,RFHIC,KOSDAQ,KRX
sfa-semicon,036540.KQ,SFA반도체,SFA반도체,KOSDAQ,KRX
shinsung-delta-tech,065350.KQ,신성델타테크,신성델타테크,KOSDAQ,KRX
sm-entertainment,041510.KQ,에스엠,에스엠,KOSDAQ,KRX
studio-dragon,253450.KQ,스튜디오드래곤,스튜디오드래곤,KOSDAQ,KRX
t-and-d,006730.KQ,서부T&D,서부T&D,KOSDAQ,KRX
wemade,112040.KQ,위메이드,위메이드,KOSDAQ,KRX
woori-technology-investment,041190.KQ,우리기술투자,우리기술투자,KOSDAQ,KRX
000100,000100.KS,유한양행,유한양행,KOSPI,KRX
000120,000120.KS,CJ대한통운,CJ대한통운,KOSPI,KRX
000150,000150.KS,두산,두산,KOSPI,KRX
000240,000240.KS,한국앤컴퍼니,한국앤컴퍼니,KOSPI,KRX
000500,000500.KS,가온전선,가온전선,KOSPI,KRX
000720,000720.KS,현대건설,현대건설,KOSPI,KRX
000810,000810.KS,삼성화재,삼성화재,KOSPI,KRX
000880,000880.KS,한화,한화,KOSPI,KRX
000990,000990.KS,DB하이텍,DB하이텍,KOSPI,KRX
001040,001040.KS,CJ,CJ,KOSPI,KRX
001120,001120.KS,LX인터내셔널,LX인터내셔널,KOSPI,KRX
001430,001430.KS,세아베스틸지주,세아베스틸지주,KOSPI,KRX
001440,001440.KS,대한전선,대한전선,KOSPI,KRX
001450,001450.KS,현대해상,현대해상,KOSPI,KRX
001720,001720.KS,신영증권,신영증권,KOSPI,KRX
001800,001800.KS,오리온홀딩스,오리온홀딩스,KOSPI,KRX
002790,002790.KS,아모레퍼시픽홀딩스,아모레퍼시픽홀딩스,KOSPI,KRX
003230,003230.KS,삼양식품,삼양식품,KOSPI,KRX
003490,003490.KS,대한항공,대한항공,KOSPI,KRX
003530,003530.KS,한화투자증권,한화투자증권,KOSPI,KRX
003540,003540.KS,대신증권,대신증권,KOSPI,KRX
003550,003550.KS,LG,LG,KOSPI,KRX
003690,003690.KS,코리안리,코리안리,KOSPI,KRX
004020,004020.KS,현대제철,현대제철,KOSPI,KRX
004170,004170.KS,신세계,신세계,KOSPI,KRX
004370,004370.KS,농심,농심,KOSPI,KRX
004800,004800.KS,효성,효성,KOSPI,KRX
004990,004990.KS,롯데지주,롯데지주,KOSPI,KRX
005070,005070.KS,코스모신소재,코스모신소재,KOSPI,KRX
005440,005440.KS,현대지에프홀딩스,현대지에프홀딩스,KOSPI,KRX
005830,005830.KS,DB손해보험,DB손해보험,KOSPI,KRX
005850,005850.KS,에스엘,에스엘,KOSPI,KRX
006040,006040.KS,동원산업,동원산업,KOSPI,KRX
006280,006280.KS,녹십자,녹십자,KOSPI,KRX
006800,006800.KS,미래에셋증권,미래에셋증권,KOSPI,KRX
007660,007660.KS,이수페타시스,이수페타시스,KOSPI,KRX
008770,008770.KS,호텔신라,호텔신라,KOSPI,KRX
008930,008930.KS,한미사이언스,한미사이언스,KOSPI,KRX
009420,009420.KS,한올바이오파마,한올바이오파마,KOSPI,KRX
009540,009540.KS,HD한국조선해양,HD한국조선해양,KOSPI,KRX
009830,009830.KS,한화솔루션,한화솔루션,KOSPI,KRX
009970,009970.KS,영원무역홀딩스,영원무역홀딩스,KOSPI,KRX
010140,010140.KS,삼성중공업,삼성중공업,KOSPI,KRX
011070,011070.KS,LG이노텍,LG이노텍,KOSPI,KRX
011170,011170.KS,롯데케미칼,롯데케미칼,KOSPI,KRX
011210,011210.KS,현대위아,현대위아,KOSPI,KRX
011780,011780.KS,금호석유화학,금호석유화학,KOSPI,KRX
012450,012450.KS,한화에어로스페이스,한화에어로스페이스,KOSPI,KRX
012510,012510.KS,더존비즈온,더존비즈온,KOSPI,KRX
0126z0,0126Z0.KS,삼성에피스홀딩스,삼성에피스홀딩스,KOSPI,KRX
012750,012750.KS,에스원,에스원,KOSPI,KRX
014680,014680.KS,한솔케미칼,한솔케미칼,KOSPI,KRX
016360,016360.KS,삼성증권,삼성증권,KOSPI,KRX
017800,017800.KS,현대엘리베이터,현대엘리베이터,KOSPI,KRX
017960,017960.KS,한국카본,한국카본,KOSPI,KRX
018670,018670.KS,SK가스,SK가스,KOSPI,KRX
018880,018880.KS,한온시스템,한온시스템,KOSPI,KRX
020150,020150.KS,롯데에너지머티리얼즈,롯데에너지머티리얼즈,KOSPI,KRX
021240,021240.KS,코웨이,코웨이,KOSPI,KRX
023530,023530.KS,롯데쇼핑,롯데쇼핑,KOSPI,KRX
023590,023590.KS,다우기술,다우기술,KOSPI,KRX
026960,026960.KS,동서,동서,KOSPI,KRX
028670,028670.KS,팬오션,팬오션,KOSPI,KRX
029780,029780.KS,삼성카드,삼성카드,KOSPI,KRX
030000,030000.KS,제일기획,제일기획,KOSPI,KRX
031210,031210.KS,서울보증보험,서울보증보험,KOSPI,KRX
032350,032350.KS,롯데관광개발,롯데관광개발,KOSPI,KRX
032640,032640.KS,LG유플러스,LG유플러스,KOSPI,KRX
034220,034220.KS,LG디스플레이,LG디스플레이,KOSPI,KRX
035250,035250.KS,강원랜드,강원랜드,KOSPI,KRX
035720,035720.KS,카카오,카카오,KOSPI,KRX
036460,036460.KS,한국가스공사,한국가스공사,KOSPI,KRX
039490,039490.KS,키움증권,키움증권,KOSPI,KRX
042660,042660.KS,한화오션,한화오션,KOSPI,KRX
042700,042700.KS,한미반도체,한미반도체,KOSPI,KRX
047040,047040.KS,대우건설,대우건설,KOSPI,KRX
047810,047810.KS,한국항공우주,한국항공우주,KOSPI,KRX
051900,051900.KS,LG생활건강,LG생활건강,KOSPI,KRX
052690,052690.KS,한전기술,한전기술,KOSPI,KRX
062040,062040.KS,산일전기,산일전기,KOSPI,KRX
064350,064350.KS,현대로템,현대로템,KOSPI,KRX
064400,064400.KS,LG씨엔에스,LG씨엔에스,KOSPI,KRX
066970,066970.KS,엘앤에프,엘앤에프,KOSPI,KRX
069620,069620.KS,대웅제약,대웅제약,KOSPI,KRX
069960,069960.KS,현대백화점,현대백화점,KOSPI,KRX
071050,071050.KS,한국금융지주,한국금융지주,KOSPI,KRX
071970,071970.KS,HD현대마린엔진,HD현대마린엔진,KOSPI,KRX
073240,073240.KS,금호타이어,금호타이어,KOSPI,KRX
081660,081660.KS,미스토홀딩스,미스토홀딩스,KOSPI,KRX
082740,082740.KS,한화엔진,한화엔진,KOSPI,KRX
085620,085620.KS,미래에셋생명,미래에셋생명,KOSPI,KRX
086280,086280.KS,현대글로비스,현대글로비스,KOSPI,KRX
088350,088350.KS,한화생명,한화생명,KOSPI,KRX
088980,088980.KS,맥쿼리인프라,맥쿼리인프라,KOSPI,KRX
090430,090430.KS,아모레퍼시픽,아모레퍼시픽,KOSPI,KRX
097950,097950.KS,CJ제일제당,CJ제일제당,KOSPI,KRX
103140,103140.KS,풍산,풍산,KOSPI,KRX
103590,103590.KS,일진전기,일진전기,KOSPI,KRX
111770,111770.KS,영원무역,영원무역,KOSPI,KRX
112610,112610.KS,씨에스윈드,씨에스윈드,KOSPI,KRX
120110,120110.KS,코오롱인더,코오롱인더,KOSPI,KRX
128940,128940.KS,한미약품,한미약품,KOSPI,KRX
138040,138040.KS,메리츠금융지주,메리츠금융지주,KOSPI,KRX
139480,139480.KS,이마트,이마트,KOSPI,KRX
161390,161390.KS,한국타이어앤테크놀로지,한국타이어앤테크놀로지,KOSPI,KRX
161890,161890.KS,한국콜마,한국콜마,KOSPI,KRX
180640,180640.KS,한진칼,한진칼,KOSPI,KRX
192820,192820.KS,코스맥스,코스맥스,KOSPI,KRX
241560,241560.KS,두산밥캣,두산밥캣,KOSPI,KRX
251270,251270.KS,넷마블,넷마블,KOSPI,KRX
259960,259960.KS,크래프톤,크래프톤,KOSPI,KRX
267250,267250.KS,HD현대,HD현대,KOSPI,KRX
267260,267260.KS,HD현대일렉트릭,HD현대일렉트릭,KOSPI,KRX
267270,267270.KS,HD건설기계,HD건설기계,KOSPI,KRX
271560,271560.KS,오리온,오리온,KOSPI,KRX
272210,272210.KS,한화시스템,한화시스템,KOSPI,KRX
278470,278470.KS,에이피알,에이피알,KOSPI,KRX
279570,279570.KS,케이뱅크,케이뱅크,KOSPI,KRX
298020,298020.KS,효성티앤씨,효성티앤씨,KOSPI,KRX
298040,298040.KS,효성중공업,효성중공업,KOSPI,KRX
302440,302440.KS,SK바이오사이언스,SK바이오사이언스,KOSPI,KRX
307950,307950.KS,현대오토에버,현대오토에버,KOSPI,KRX
316140,316140.KS,우리금융지주,우리금융지주,KOSPI,KRX
323410,323410.KS,카카오뱅크,카카오뱅크,KOSPI,KRX
326030,326030.KS,SK바이오팜,SK바이오팜,KOSPI,KRX
329180,329180.KS,HD현대중공업,HD현대중공업,KOSPI,KRX
336260,336260.KS,두산퓨얼셀,두산퓨얼셀,KOSPI,KRX
353200,353200.KS,대덕전자,대덕전자,KOSPI,KRX
361610,361610.KS,SK아이이테크놀로지,SK아이이테크놀로지,KOSPI,KRX
373220,373220.KS,LG에너지솔루션,LG에너지솔루션,KOSPI,KRX
377300,377300.KS,카카오페이,카카오페이,KOSPI,KRX
395400,395400.KS,SK리츠,SK리츠,KOSPI,KRX
402340,402340.KS,SK스퀘어,SK스퀘어,KOSPI,KRX
439260,439260.KS,대한조선,대한조선,KOSPI,KRX
443060,443060.KS,HD현대마린솔루션,HD현대마린솔루션,KOSPI,KRX
450080,450080.KS,에코프로머티,에코프로머티,KOSPI,KRX
454910,454910.KS,두산로보틱스,두산로보틱스,KOSPI,KRX
457190,457190.KS,이수스페셜티케미컬,이수스페셜티케미컬,KOSPI,KRX
462870,462870.KS,시프트업,시프트업,KOSPI,KRX
475150,475150.KS,SK이터닉스,SK이터닉스,KOSPI,KRX
483650,483650.KS,달바글로벌,달바글로벌,KOSPI,KRX
489790,489790.KS,한화비전,한화비전,KOSPI,KRX
bgf,282330.KS,BGF리테일,BGF리테일,KOSPI,KRX
bnk,138930.KS,BNK금융지주,BNK금융지주,KOSPI,KRX
celltrion,068270.KS,셀트리온,셀트리온,KOSPI,KRX
dl,375500.KS,DL이앤씨,DL이앤씨,KOSPI,KRX
dn,007340.KS,DN오토모티브,DN오토모티브,KOSPI,KRX
doosan-enerbility,034020.KS,두산에너빌리티,두산에너빌리티,KOSPI,KRX
dx,022100.KS,포스코DX,포스코DX,KOSPI,KRX
e-and-a,028050.KS,삼성E&A,삼성E&A,KOSPI,KRX
f-and-f,383220.KS,F&F,F&F,KOSPI,KRX
gs,006360.KS,GS건설,GS건설,KOSPI,KRX
gs-2,007070.KS,GS리테일,GS리테일,KOSPI,KRX
gs-3,078930.KS,GS,GS,KOSPI,KRX
hana-financial-group,086790.KS,하나금융지주,하나금융지주,KOSPI,KRX
hj,097230.KS,HJ중공업,HJ중공업,KOSPI,KRX
hl,204320.KS,HL만도,HL만도,KOSPI,KRX
hmm,011200.KS,HMM,HMM,KOSPI,KRX
hybe,352820.KS,하이브,하이브,KOSPI,KRX
hyundai-mobis,012330.KS,현대모비스,현대모비스,KOSPI,KRX
hyundai-motor,005380.KS,현대차,현대차,KOSPI,KRX
ibk,024110.KS,기업은행,기업은행,KOSPI,KRX
im,139130.KS,iM금융지주,iM금융지주,KOSPI,KRX
jb,175330.KS,JB금융지주,JB금융지주,KOSPI,KRX
kb-financial,105560.KS,KB금융,KB금융,KOSPI,KRX
kcc,002380.KS,KCC,KCC,KOSPI,KRX
kepco,015760.KS,한국전력,한국전력,KOSPI,KRX
kia,000270.KS,기아,기아,KOSPI,KRX
korea-zinc,010130.KS,고려아연,고려아연,KOSPI,KRX
kps,051600.KS,한전KPS,한전KPS,KOSPI,KRX
kt,030200.KS,KT,KT,KOSPI,KRX
kt-and-g,033780.KS,KT&G,KT&G,KOSPI,KRX
lg-chem,051910.KS,LG화학,LG화학,KOSPI,KRX
lg-electronics,066570.KS,LG전자,LG전자,KOSPI,KRX
lig,079550.KS,LIG넥스원,LIG넥스원,KOSPI,KRX
ls,006260.KS,LS,LS,KOSPI,KRX
ls-electric,010120.KS,LS ELECTRIC,LS ELECTRIC,KOSPI,KRX
naver,035420.KS,NAVER,NAVER,KOSPI,KRX
ncsoft,036570.KS,엔씨소프트,엔씨소프트,KOSPI,KRX
nh,005940.KS,NH투자증권,NH투자증권,KOSPI,KRX
oci,010060.KS,OCI홀딩스,OCI홀딩스,KOSPI,KRX
paradise,034230.KS,파라다이스,파라다이스,KOSPI,KRX
posco,005490.KS,POSCO홀딩스,POSCO홀딩스,KOSPI,KRX
posco-holdings,003670.KS,포스코퓨처엠,포스코퓨처엠,KOSPI,KRX
posco-international,047050.KS,포스코인터내셔널,포스코인터내셔널,KOSPI,KRX
s-oil,010950.KS,S-Oil,S-Oil,KOSPI,KRX
samsung-biologics,207940.KS,삼성바이오로직스,삼성바이오로직스,KOSPI,KRX
samsung-c-t,028260.KS,삼성물산,삼성물산,KOSPI,KRX
samsung-electro-mechanics,009150.KS,삼성전기,삼성전기,KOSPI,KRX
samsung-electronics,005930.KS,삼성전자,삼성전자,KOSPI,KRX
samsung-life,032830.KS,삼성생명,삼성생명,KOSPI,KRX
samsung-sdi,006400.KS,삼성SDI,삼성SDI,KOSPI,KRX
samsung-sds,018260.KS,삼성에스디에스,삼성에스디에스,KOSPI,KRX
shinhan-financial,055550.KS,신한지주,신한지주,KOSPI,KRX
sk-hynix,000660.KS,SK하이닉스,SK하이닉스,KOSPI,KRX
sk-inc,034730.KS,SK,SK,KOSPI,KRX
sk-innovation,096770.KS,SK이노베이션,SK이노베이션,KOSPI,KRX
sk-telecom,017670.KS,SK텔레콤,SK텔레콤,KOSPI,KRX
skc,011790.KS,SKC,SKC,KOSPI,KRX
snt,003570.KS,SNT다이내믹스,SNT다이내믹스,KOSPI,KRX
abivax-sa,ABVX,Abivax SA,Abivax SA,NASDAQ,NASDAQ
adobe,ADBE,어도비,Adobe Inc.,NASDAQ,NASDAQ
advanced-energy-industries-inc,AEIS,"Advanced Energy Industries, Inc","Advanced Energy Industries, Inc",NASDAQ,NASDAQ
aerovironment-inc,AVAV,"AeroVironment, Inc.","AeroVironment, Inc.",NASDAQ,NASDAQ
affirm-holdings-inc,AFRM,어펌,"Affirm Holdings, Inc.",NASDAQ,NASDAQ
agnc-investment-corp,AGNC,AGNC 인베스트먼트,AGNC Investment Corp.,NASDAQ,NASDAQ
agnc-investment-corp-deposit,AGNCM,AGNC Investment Corp. - Deposit,AGNC Investment Corp. - Deposit,NASDAQ,NASDAQ
agnc-investment-corp-deposit-2,AGNCN,AGNC Investment Corp. - Deposit,AGNC Investment Corp. - Deposit,NASDAQ,NASDAQ
airbnb-inc,ABNB,에어비앤비,"Airbnb, Inc.",NASDAQ,NASDAQ
akamai-technologies-inc,AKAM,아카마이 테크놀로지,"Akamai Technologies, Inc.",NASDAQ,NASDAQ
align-technology-inc,ALGN,얼라인 테크놀로지,"Align Technology, Inc.",NASDAQ,NASDAQ
alliant-energy-corporation,LNT,Alliant Energy Corporation,Alliant Energy Corporation,NASDAQ,NASDAQ
alnylam-pharmaceuticals-inc,ALNY,알나일람 파마슈티컬스,"Alnylam Pharmaceuticals, Inc.",NASDAQ,NASDAQ
alphabet,GOOGL,알파벳 A,Alphabet Inc.,NASDAQ,NASDAQ
alphabet-inc,GOOG,알파벳 C,Alphabet Inc.,NASDAQ,NASDAQ
amazon,AMZN,아마존,"Amazon.com, Inc.",NASDAQ,NASDAQ
amd,AMD,AMD,"Advanced Micro Devices, Inc.",NASDAQ,NASDAQ
american-electric-power-company,AEP,아메리칸 일렉트릭 파워,American Electric Power Company,NASDAQ,NASDAQ
amgen-inc,AMGN,암젠,Amgen Inc.,NASDAQ,NASDAQ
amkor-technology-inc,AMKR,앰코 테크놀로지,"Amkor Technology, Inc.",NASDAQ,NASDAQ
analog-devices-inc,ADI,아나로그 디바이시스,"Analog Devices, Inc.",NASDAQ,NASDAQ
apa-corporation,APA,APA,APA Corporation,NASDAQ,NASDAQ
apple,AAPL,애플,Apple Inc.,NASDAQ,NASDAQ
applied-materials-inc,AMAT,어플라이드 머티어리얼즈,"Applied Materials, Inc.",NASDAQ,NASDAQ
applovin-corporation,APP,앱러빈,Applovin Corporation,NASDAQ,NASDAQ
arch-capital-group-ltd,ACGL,아치 캐피털 그룹,Arch Capital Group Ltd.,NASDAQ,NASDAQ
arch-capital-group-ltd-depos,ACGLO,Arch Capital Group Ltd. - Depos,Arch Capital Group Ltd. - Depos,NASDAQ,NASDAQ
ares-capital-corporation,ARCC,아레스 캐피털,Ares Capital Corporation,NASDAQ,NASDAQ
argenx-se,ARGX,아젠엑스,argenx SE,NASDAQ,NASDAQ
arm-holdings-plc,ARM,암 홀딩스,Arm Holdings plc,NASDAQ,NASDAQ
ascendis-pharma-a-s,ASND,아센디스 파마,Ascendis Pharma A/S,NASDAQ,NASDAQ
asml-holding-n-v-new-york-re,ASML,ASML,ASML Holding N.V. - New York Re,NASDAQ,NASDAQ
ast-spacemobile-inc,ASTS,AST 스페이스모바일,"AST SpaceMobile, Inc.",NASDAQ,NASDAQ
astera-labs-inc,ALAB,아스테라 랩스,"Astera Labs, Inc.",NASDAQ,NASDAQ
atlassian-corporation,TEAM,아틀라시안,Atlassian Corporation,NASDAQ,NASDAQ
autodesk-inc,ADSK,오토데스크,"Autodesk, Inc.",NASDAQ,NASDAQ
automatic-data-processing-inc,ADP,오토매틱 데이터 프로세싱,"Automatic Data Processing, Inc.",NASDAQ,NASDAQ
axon-enterprise-inc,AXON,액손 엔터프라이즈,"Axon Enterprise, Inc.",NASDAQ,NASDAQ
baidu-inc,BIDU,바이두,"Baidu, Inc.",NASDAQ,NASDAQ
baker-hughes-company,BKR,베이커휴즈,Baker Hughes Company,NASDAQ,NASDAQ
bentley-systems-incorporated,BSY,벤틀리 시스템즈,"Bentley Systems, Incorporated",NASDAQ,NASDAQ
beone-medicines-ltd,ONC,BeOne Medicines Ltd.,BeOne Medicines Ltd.,NASDAQ,NASDAQ
bilibili-inc,BILI,빌리빌리,Bilibili Inc.,NASDAQ,NASDAQ
biogen-inc,BIIB,바이오젠,Biogen Inc.,NASDAQ,NASDAQ
biomarin-pharmaceutical-inc,BMRN,바이오마린,BioMarin Pharmaceutical Inc.,NASDAQ,NASDAQ
biontech-se,BNTX,바이오엔테크,BioNTech SE,NASDAQ,NASDAQ
booking-holdings-inc-common-st,BKNG,부킹홀딩스,Booking Holdings Inc. Common St,NASDAQ,NASDAQ
bridgebio-pharma-inc,BBIO,"BridgeBio Pharma, Inc.","BridgeBio Pharma, Inc.",NASDAQ,NASDAQ
broadcom,AVGO,브로드컴,Broadcom Inc.,NASDAQ,NASDAQ
brookfield-property-partners-l,BPYPP,Brookfield Property Partners L.,Brookfield Property Partners L.,NASDAQ,NASDAQ
c-h-robinson-worldwide-inc,CHRW,C.H. 로빈슨,"C.H. Robinson Worldwide, Inc.",NASDAQ,NASDAQ
cadence-design-systems-inc,CDNS,케이던스,"Cadence Design Systems, Inc.",NASDAQ,NASDAQ
caseys-general-stores-inc,CASY,케이시스 제너럴 스토어스,"Caseys General Stores, Inc.",NASDAQ,NASDAQ
cdw-corporation,CDW,CDW,CDW Corporation,NASDAQ,NASDAQ
celsius-holdings-inc,CELH,셀시우스 홀딩스,"Celsius Holdings, Inc.",NASDAQ,NASDAQ
charter-communications-inc,CHTR,차터 커뮤니케이션스,"Charter Communications, Inc.",NASDAQ,NASDAQ
check-point-software-technologi,CHKP,체크포인트 소프트웨어,Check Point Software Technologi,NASDAQ,NASDAQ
cincinnati-financial-corporatio,CINF,신시내티 파이낸셜,Cincinnati Financial Corporatio,NASDAQ,NASDAQ
cintas-corporation,CTAS,신타스,Cintas Corporation,NASDAQ,NASDAQ
cisco-systems-inc,CSCO,시스코 시스템즈,"Cisco Systems, Inc.",NASDAQ,NASDAQ
cme-group-inc,CME,CME Group Inc.,CME Group Inc.,NASDAQ,NASDAQ
coca-cola-consolidated-inc,COKE,코카콜라 콘솔리데이티드,"Coca-Cola Consolidated, Inc.",NASDAQ,NASDAQ
coca-cola-europacific-partners,CCEP,코카콜라 유로퍼시픽,Coca-Cola Europacific Partners ,NASDAQ,NASDAQ
cognizant-technology-solutions,CTSH,코그니전트,Cognizant Technology Solutions ,NASDAQ,NASDAQ
coinbase,COIN,코인베이스,"Coinbase Global, Inc. - 3",NASDAQ,NASDAQ
comcast-corporation,CMCSA,컴캐스트,Comcast Corporation,NASDAQ,NASDAQ
constellation-energy-corporatio,CEG,콘스텔레이션 에너지,Constellation Energy Corporatio,NASDAQ,NASDAQ
copart-inc,CPRT,코파트,"Copart, Inc.",NASDAQ,NASDAQ
coreweave-inc,CRWV,"CoreWeave, Inc.","CoreWeave, Inc.",NASDAQ,NASDAQ
costar-group-inc,CSGP,"CoStar Group, Inc.","CoStar Group, Inc.",NASDAQ,NASDAQ
costco-wholesale-corporation,COST,코스트코,Costco Wholesale Corporation,NASDAQ,NASDAQ
credo-technology-group-holding,CRDO,Credo Technology Group Holding ,Credo Technology Group Holding ,NASDAQ,NASDAQ
crowdstrike-holdings-inc,CRWD,크라우드스트라이크,"CrowdStrike Holdings, Inc.",NASDAQ,NASDAQ
csx-corporation,CSX,CSX,CSX Corporation,NASDAQ,NASDAQ
datadog-inc,DDOG,데이터독,"Datadog, Inc.",NASDAQ,NASDAQ
dexcom-inc,DXCM,덱스컴,"DexCom, Inc.",NASDAQ,NASDAQ
diamondback-energy-inc,FANG,다이아몬드백 에너지,"Diamondback Energy, Inc.",NASDAQ,NASDAQ
docusign-inc,DOCU,도큐사인,"DocuSign, Inc.",NASDAQ,NASDAQ
dollar-tree-inc,DLTR,"Dollar Tree, Inc.","Dollar Tree, Inc.",NASDAQ,NASDAQ
domino-s-pizza-inc,DPZ,Domino's Pizza Inc,Domino's Pizza Inc,NASDAQ,NASDAQ
doordash-inc,DASH,도어대시,"DoorDash, Inc.",NASDAQ,NASDAQ
draftkings-inc,DKNG,드래프트킹스,DraftKings Inc.,NASDAQ,NASDAQ
east-west-bancorp-inc,EWBC,이스트웨스트 뱅코프,"East West Bancorp, Inc.",NASDAQ,NASDAQ
ebay-inc,EBAY,이베이,eBay Inc.,NASDAQ,NASDAQ
echostar-corporation,SATS,EchoStar Corporation,EchoStar Corporation,NASDAQ,NASDAQ
elbit-systems-ltd,ESLT,Elbit Systems Ltd.,Elbit Systems Ltd.,NASDAQ,NASDAQ
electronic-arts-inc,EA,일렉트로닉 아츠,Electronic Arts Inc.,NASDAQ,NASDAQ
enlight-renewable-energy-ltd,ENLT,Enlight Renewable Energy Ltd.,Enlight Renewable Energy Ltd.,NASDAQ,NASDAQ
entegris-inc,ENTG,엔테그리스,"Entegris, Inc.",NASDAQ,NASDAQ
equinix-inc,EQIX,"Equinix, Inc.","Equinix, Inc.",NASDAQ,NASDAQ
ericsson,ERIC,에릭슨,Ericsson,NASDAQ,NASDAQ
erie-indemnity-company,ERIE,Erie Indemnity Company,Erie Indemnity Company,NASDAQ,NASDAQ
evergy-inc,EVRG,"Evergy, Inc.","Evergy, Inc.",NASDAQ,NASDAQ
exact-sciences-corporation,EXAS,이그젝트 사이언스,Exact Sciences Corporation,NASDAQ,NASDAQ
exelixis-inc,EXEL,"Exelixis, Inc.","Exelixis, Inc.",NASDAQ,NASDAQ
exelon-corporation,EXC,엑셀론,Exelon Corporation,NASDAQ,NASDAQ
expand-energy-corporation,EXE,Expand Energy Corporation,Expand Energy Corporation,NASDAQ,NASDAQ
expedia-group-inc,EXPE,익스피디아,"Expedia Group, Inc.",NASDAQ,NASDAQ
f5-inc,FFIV,F5,"F5, Inc.",NASDAQ,NASDAQ
fastenal-company,FAST,패스널,Fastenal Company,NASDAQ,NASDAQ
ferrovial-se,FER,Ferrovial SE,Ferrovial SE,NASDAQ,NASDAQ
fifth-third-bancorp,FITB,Fifth Third Bancorp,Fifth Third Bancorp,NASDAQ,NASDAQ
fifth-third-bancorp-depositar,FITBI,Fifth Third Bancorp - Depositar,Fifth Third Bancorp - Depositar,NASDAQ,NASDAQ
first-citizens-bancshares-inc,FCNCA,퍼스트 시티즌스 뱅크셰어즈,"First Citizens BancShares, Inc.",NASDAQ,NASDAQ
first-solar-inc,FSLR,퍼스트 솔라,"First Solar, Inc.",NASDAQ,NASDAQ
fiserv-inc,FISV,"Fiserv, Inc.","Fiserv, Inc.",NASDAQ,NASDAQ
five-below-inc,FIVE,파이브 빌로우,"Five Below, Inc.",NASDAQ,NASDAQ
flex-ltd,FLEX,플렉스,Flex Ltd.,NASDAQ,NASDAQ
fortinet-inc,FTNT,포티넷,"Fortinet, Inc.",NASDAQ,NASDAQ
fox-corporation,FOX,폭스 B,Fox Corporation,NASDAQ,NASDAQ
fox-corporation-2,FOXA,폭스 A,Fox Corporation,NASDAQ,NASDAQ
ftai-aviation-ltd,FTAI,FTAI 에비에이션,FTAI Aviation Ltd.,NASDAQ,NASDAQ
futu-holdings-limited,FUTU,푸투 홀딩스,Futu Holdings Limited,NASDAQ,NASDAQ
gaming-and-leisure-properties,GLPI,"Gaming and Leisure Properties, ","Gaming and Leisure Properties, ",NASDAQ,NASDAQ
gds-holdings-limited,GDS,GDS Holdings Limited,GDS Holdings Limited,NASDAQ,NASDAQ
ge-healthcare-technologies-inc,GEHC,GE 헬스케어,GE HealthCare Technologies Inc.,NASDAQ,NASDAQ
gen-digital-inc,GEN,젠 디지털,Gen Digital Inc.,NASDAQ,NASDAQ
genmab-a-s,GMAB,Genmab A/S,Genmab A/S,NASDAQ,NASDAQ
gilead-sciences-inc,GILD,길리어드 사이언스,"Gilead Sciences, Inc.",NASDAQ,NASDAQ
globalfoundries-inc,GFS,글로벌파운드리스,GlobalFoundries Inc.,NASDAQ,NASDAQ
grab-holdings-limited,GRAB,Grab Holdings Limited,Grab Holdings Limited,NASDAQ,NASDAQ
guardant-health-inc,GH,"Guardant Health, Inc.","Guardant Health, Inc.",NASDAQ,NASDAQ
h-world-group-limited,HTHT,화주 그룹,H World Group Limited,NASDAQ,NASDAQ
hasbro-inc,HAS,해즈브로,"Hasbro, Inc.",NASDAQ,NASDAQ
hologic-inc,HOLX,홀로직,"Hologic, Inc.",NASDAQ,NASDAQ
honeywell-international-inc,HON,허니웰,Honeywell International Inc.,NASDAQ,NASDAQ
host-hotels-and-resorts-inc,HST,"Host Hotels & Resorts, Inc.","Host Hotels & Resorts, Inc.",NASDAQ,NASDAQ
huntington-bancshares-incorpora,HBAN,Huntington Bancshares Incorpora,Huntington Bancshares Incorpora,NASDAQ,NASDAQ
idexx-laboratories-inc,IDXX,아이덱스 래버러토리스,"IDEXX Laboratories, Inc.",NASDAQ,NASDAQ
ies-holdings-inc,IESC,"IES Holdings, Inc.","IES Holdings, Inc.",NASDAQ,NASDAQ
illumina-inc,ILMN,일루미나,"Illumina, Inc.",NASDAQ,NASDAQ
immunitybio-inc,IBRX,"ImmunityBio, Inc.","ImmunityBio, Inc.",NASDAQ,NASDAQ
incyte-corporation,INCY,인사이트,Incyte Corporation,NASDAQ,NASDAQ
insmed-incorporated,INSM,인스메드,Insmed Incorporated,NASDAQ,NASDAQ
insulet-corporation,PODD,인슐렛,Insulet Corporation,NASDAQ,NASDAQ
intel,INTC,인텔,Intel Corporation,NASDAQ,NASDAQ
interactive-brokers-group-inc,IBKR,인터랙티브 브로커스,"Interactive Brokers Group, Inc.",NASDAQ,NASDAQ
interdigital-inc,IDCC,"InterDigital, Inc.","InterDigital, Inc.",NASDAQ,NASDAQ
intuit-inc,INTU,인튜이트,Intuit Inc.,NASDAQ,NASDAQ
intuitive-surgical-inc,ISRG,인튜이티브 서지컬,"Intuitive Surgical, Inc.",NASDAQ,NASDAQ
ionis-pharmaceuticals-inc,IONS,"Ionis Pharmaceuticals, Inc.","Ionis Pharmaceuticals, Inc.",NASDAQ,NASDAQ
iren-limited,IREN,IREN LIMITED,IREN LIMITED,NASDAQ,NASDAQ
j-b-hunt-transport-services-i,JBHT,"J.B. Hunt Transport Services, I","J.B. Hunt Transport Services, I",NASDAQ,NASDAQ
jack-henry-and-associates-inc,JKHY,"Jack Henry & Associates, Inc.","Jack Henry & Associates, Inc.",NASDAQ,NASDAQ
jazz-pharmaceuticals-plc,JAZZ,Jazz Pharmaceuticals plc,Jazz Pharmaceuticals plc,NASDAQ,NASDAQ
jd-com-inc,JD,징둥닷컴,"JD.com, Inc.",NASDAQ,NASDAQ
joint-stock-company-kaspi-kz,KSPI,Joint Stock Company Kaspi.kz - ,Joint Stock Company Kaspi.kz - ,NASDAQ,NASDAQ
keurig-dr-pepper-inc,KDP,큐리그 닥터페퍼,Keurig Dr Pepper Inc.,NASDAQ,NASDAQ
kimberly-clark-corporation,KMB,Kimberly-Clark Corporation,Kimberly-Clark Corporation,NASDAQ,NASDAQ
kla-corporation,KLAC,KLA,KLA Corporation,NASDAQ,NASDAQ
kratos-defense-and-security-solut,KTOS,Kratos Defense & Security Solut,Kratos Defense & Security Solut,NASDAQ,NASDAQ
lam-research-corporation,LRCX,램리서치,Lam Research Corporation,NASDAQ,NASDAQ
lamar-advertising-company,LAMR,라마 광고,Lamar Advertising Company,NASDAQ,NASDAQ
lattice-semiconductor-corporati,LSCC,Lattice Semiconductor Corporati,Lattice Semiconductor Corporati,NASDAQ,NASDAQ
leonardo-drs-inc,DRS,"Leonardo DRS, Inc.","Leonardo DRS, Inc.",NASDAQ,NASDAQ
li-auto-inc,LI,리 오토,Li Auto Inc.,NASDAQ,NASDAQ
liberty-live-holdings-inc-s,LLYVK,"Liberty Live Holdings, Inc. - S","Liberty Live Holdings, Inc. - S",NASDAQ,NASDAQ
liberty-media-corporation-ser,FWONA,Liberty Media Corporation - Ser,Liberty Media Corporation - Ser,NASDAQ,NASDAQ
liberty-media-corporation-ser-2,FWONK,Liberty Media Corporation - Ser,Liberty Media Corporation - Ser,NASDAQ,NASDAQ
lincoln-electric-holdings-inc,LECO,"Lincoln Electric Holdings, Inc.","Lincoln Electric Holdings, Inc.",NASDAQ,NASDAQ
linde-plc,LIN,린데,Linde plc,NASDAQ,NASDAQ
lineage-inc,LINE,"Lineage, Inc.","Lineage, Inc.",NASDAQ,NASDAQ
logitech-international-s-a-r,LOGI,로지텍,Logitech International S.A. - R,NASDAQ,NASDAQ
lpl-financial-holdings-inc,LPLA,LPL 파이낸셜,LPL Financial Holdings Inc.,NASDAQ,NASDAQ
lululemon-athletica-inc,LULU,룰루레몬,lululemon athletica inc.,NASDAQ,NASDAQ
lumentum-holdings-inc,LITE,Lumentum Holdings Inc.,Lumentum Holdings Inc.,NASDAQ,NASDAQ
macom-technology-solutions-hold,MTSI,MACOM Technology Solutions Hold,MACOM Technology Solutions Hold,NASDAQ,NASDAQ
madrigal-pharmaceuticals-inc,MDGL,"Madrigal Pharmaceuticals, Inc.","Madrigal Pharmaceuticals, Inc.",NASDAQ,NASDAQ
maplebear-inc,CART,인스타카트,Maplebear Inc.,NASDAQ,NASDAQ
marriott-international,MAR,메리어트 인터내셔널,Marriott International,NASDAQ,NASDAQ
marvell-technology-inc,MRVL,마벨 테크놀로지,"Marvell Technology, Inc.",NASDAQ,NASDAQ
masimo-corporation,MASI,Masimo Corporation,Masimo Corporation,NASDAQ,NASDAQ
medline-inc,MDLN,Medline Inc.,Medline Inc.,NASDAQ,NASDAQ
medpace-holdings-inc,MEDP,"Medpace Holdings, Inc.","Medpace Holdings, Inc.",NASDAQ,NASDAQ
mercadolibre-inc,MELI,메르카도리브레,"MercadoLibre, Inc.",NASDAQ,NASDAQ
meta,META,메타,"Meta Platforms, Inc.",NASDAQ,NASDAQ
microchip-technology-incorporat,MCHP,마이크로칩 테크놀로지,Microchip Technology Incorporat,NASDAQ,NASDAQ
micron-technology-inc,MU,마이크론 테크놀로지,"Micron Technology, Inc.",NASDAQ,NASDAQ
microsoft,MSFT,마이크로소프트,Microsoft Corporation,NASDAQ,NASDAQ
millicom-international-cellular,TIGO,Millicom International Cellular,Millicom International Cellular,NASDAQ,NASDAQ
mks-inc,MKSI,MKS Inc.,MKS Inc.,NASDAQ,NASDAQ
moderna-inc,MRNA,모더나,"Moderna, Inc.",NASDAQ,NASDAQ
mondelez-international-inc,MDLZ,몬델리즈,"Mondelez International, Inc.",NASDAQ,NASDAQ
mongodb-inc,MDB,몽고DB,"MongoDB, Inc.",NASDAQ,NASDAQ
monolithic-power-systems-inc,MPWR,모놀리식 파워 시스템즈,"Monolithic Power Systems, Inc.",NASDAQ,NASDAQ
monster-beverage-corporation,MNST,몬스터 베버리지,Monster Beverage Corporation,NASDAQ,NASDAQ
nasdaq-inc,NDAQ,나스닥,"Nasdaq, Inc.",NASDAQ,NASDAQ
natera-inc,NTRA,나테라,"Natera, Inc.",NASDAQ,NASDAQ
nebius-group-n-v,NBIS,Nebius Group N.V.,Nebius Group N.V.,NASDAQ,NASDAQ
netapp-inc,NTAP,넷앱,"NetApp, Inc.",NASDAQ,NASDAQ
netease-inc,NTES,넷이즈,"NetEase, Inc.",NASDAQ,NASDAQ
netflix,NFLX,넷플릭스,"Netflix, Inc.",NASDAQ,NASDAQ
neurocrine-biosciences-inc,NBIX,뉴로크라인 바이오사이언스,"Neurocrine Biosciences, Inc.",NASDAQ,NASDAQ
news-corporation,NWS,뉴스 코프 B,News Corporation,NASDAQ,NASDAQ
news-corporation-2,NWSA,뉴스 코프 A,News Corporation,NASDAQ,NASDAQ
nextpower-inc,NXT,넥스터 트래커,Nextpower Inc.,NASDAQ,NASDAQ
nordson-corporation,NDSN,Nordson Corporation,Nordson Corporation,NASDAQ,NASDAQ
northern-trust-corporation,NTRS,Northern Trust Corporation,Northern Trust Corporation,NASDAQ,NASDAQ
nova-ltd,NVMI,노바,Nova Ltd.,NASDAQ,NASDAQ
nutanix-inc,NTNX,뉴타닉스,"Nutanix, Inc.",NASDAQ,NASDAQ
nvidia,NVDA,엔비디아,NVIDIA Corporation,NASDAQ,NASDAQ
nxp-semiconductors-n-v,NXPI,NXP 반도체,NXP Semiconductors N.V.,NASDAQ,NASDAQ
o-reilly-automotive-inc,ORLY,오라일리 오토모티브,"O'Reilly Automotive, Inc.",NASDAQ,NASDAQ
okta-inc,OKTA,옥타,"Okta, Inc.",NASDAQ,NASDAQ
old-dominion-freight-line-inc,ODFL,올드 도미니언 프레이트 라인,"Old Dominion Freight Line, Inc.",NASDAQ,NASDAQ
on-semiconductor-corporation,ON,온세미,ON Semiconductor Corporation,NASDAQ,NASDAQ
paccar-inc,PCAR,팩카,PACCAR Inc.,NASDAQ,NASDAQ
palantir,PLTR,팔란티어,Palantir Technologies Inc.,NASDAQ,NASDAQ
palo-alto-networks,PANW,팔로알토 네트웍스,"Palo Alto Networks, Inc.",NASDAQ,NASDAQ
paramount-skydance-corporation,PSKY,Paramount Skydance Corporation,Paramount Skydance Corporation,NASDAQ,NASDAQ
paychex-inc,PAYX,페이첵스,"Paychex, Inc.",NASDAQ,NASDAQ
paypal,PYPL,페이팔,"PayPal Holdings, Inc.",NASDAQ,NASDAQ
paypay-corporation-american-d,PAYP,PayPay Corporation - American D,PayPay Corporation - American D,NASDAQ,NASDAQ
pdd-holdings-inc,PDD,핀둬둬,PDD Holdings Inc.,NASDAQ,NASDAQ
pepsico-inc,PEP,펩시코,"Pepsico, Inc.",NASDAQ,NASDAQ
plains-all-american-pipeline-l,PAA,"Plains All American Pipeline, L","Plains All American Pipeline, L",NASDAQ,NASDAQ
polestar-automotive-holding-uk,PSNYW,Polestar Automotive Holding UK ,Polestar Automotive Holding UK ,NASDAQ,NASDAQ
principal-financial-group-inc,PFG,Principal Financial Group Inc,Principal Financial Group Inc,NASDAQ,NASDAQ
ptc-inc,PTC,PTC,PTC Inc.,NASDAQ,NASDAQ
qualcomm,QCOM,퀄컴,QUALCOMM Incorporated,NASDAQ,NASDAQ
rambus-inc,RMBS,"Rambus, Inc.","Rambus, Inc.",NASDAQ,NASDAQ
regencell-bioscience-holdings-l,RGC,Regencell Bioscience Holdings L,Regencell Bioscience Holdings L,NASDAQ,NASDAQ
regency-centers-corporation,REG,리젠시 센터스,Regency Centers Corporation,NASDAQ,NASDAQ
regeneron-pharmaceuticals-inc,REGN,리제네론,"Regeneron Pharmaceuticals, Inc.",NASDAQ,NASDAQ
revolution-medicines-inc,RVMD,"Revolution Medicines, Inc.","Revolution Medicines, Inc.",NASDAQ,NASDAQ
rivian-automotive-inc,RIVN,리비안,"Rivian Automotive, Inc.",NASDAQ,NASDAQ
robinhood-markets-inc,HOOD,로빈후드,"Robinhood Markets, Inc.",NASDAQ,NASDAQ
rocket-lab-corporation,RKLB,로켓 랩 USA,Rocket Lab Corporation,NASDAQ,NASDAQ
roivant-sciences-ltd,ROIV,Roivant Sciences Ltd.,Roivant Sciences Ltd.,NASDAQ,NASDAQ
roku-inc,ROKU,로쿠,"Roku, Inc.",NASDAQ,NASDAQ
roper-technologies-inc,ROP,"Roper Technologies, Inc.","Roper Technologies, Inc.",NASDAQ,NASDAQ
ross-stores-inc,ROST,로스 스토어스,"Ross Stores, Inc.",NASDAQ,NASDAQ
royal-gold-inc,RGLD,"Royal Gold, Inc.","Royal Gold, Inc.",NASDAQ,NASDAQ
royalty-pharma-plc,RPRX,Royalty Pharma plc,Royalty Pharma plc,NASDAQ,NASDAQ
ryanair-holdings-plc,RYAAY,라이언에어,Ryanair Holdings plc,NASDAQ,NASDAQ
sandisk-corporation,SNDK,Sandisk Corporation,Sandisk Corporation,NASDAQ,NASDAQ
sanofi,SNY,Sanofi,Sanofi,NASDAQ,NASDAQ
sba-communications-corporation,SBAC,SBA 커뮤니케이션스,SBA Communications Corporation,NASDAQ,NASDAQ
seagate-technology-holdings-plc,STX,씨게이트 테크놀로지,Seagate Technology Holdings PLC,NASDAQ,NASDAQ
sei-investments-company,SEIC,SEI 인베스트먼츠,SEI Investments Company,NASDAQ,NASDAQ
shopify,SHOP,쇼피파이,Shopify Inc.,NASDAQ,NASDAQ
sitime-corporation,SITM,SiTime Corporation,SiTime Corporation,NASDAQ,NASDAQ
smithfield-foods-inc,SFD,"Smithfield Foods, Inc.","Smithfield Foods, Inc.",NASDAQ,NASDAQ
sofi-technologies-inc,SOFI,소파이,"SoFi Technologies, Inc.",NASDAQ,NASDAQ
solstice-advanced-materials-inc,SOLS,Solstice Advanced Materials Inc,Solstice Advanced Materials Inc,NASDAQ,NASDAQ
ss-and-c-technologies-holdings-inc,SSNC,"SS&C Technologies Holdings, Inc","SS&C Technologies Holdings, Inc",NASDAQ,NASDAQ
starbucks-corporation,SBUX,스타벅스,Starbucks Corporation,NASDAQ,NASDAQ
steel-dynamics-inc,STLD,"Steel Dynamics, Inc.","Steel Dynamics, Inc.",NASDAQ,NASDAQ
sterling-infrastructure-inc,STRL,"Sterling Infrastructure, Inc.","Sterling Infrastructure, Inc.",NASDAQ,NASDAQ
strategy-inc,MSTR,마이크로스트래티지,Strategy Inc,NASDAQ,NASDAQ
summit-therapeutics-inc,SMMT,Summit Therapeutics Inc.,Summit Therapeutics Inc.,NASDAQ,NASDAQ
super-micro-computer,SMCI,슈퍼마이크로컴퓨터,"Super Micro Computer, Inc.",NASDAQ,NASDAQ
symbotic-inc,SYM,Symbotic Inc.,Symbotic Inc.,NASDAQ,NASDAQ
synopsys-inc,SNPS,시놉시스,"Synopsys, Inc.",NASDAQ,NASDAQ
t-mobile-us-inc,TMUS,T모바일 US,"T-Mobile US, Inc.",NASDAQ,NASDAQ
t-rowe-price-group-inc,TROW,"T. Rowe Price Group, Inc.","T. Rowe Price Group, Inc.",NASDAQ,NASDAQ
take-two-interactive-software,TTWO,테이크투 인터랙티브,"Take-Two Interactive Software, ",NASDAQ,NASDAQ
talen-energy-corporation,TLN,Talen Energy Corporation,Talen Energy Corporation,NASDAQ,NASDAQ
teradyne-inc,TER,테라다인,"Teradyne, Inc.",NASDAQ,NASDAQ
tesla,TSLA,테슬라,"Tesla, Inc.",NASDAQ,NASDAQ
texas-instruments-incorporated,TXN,텍사스 인스트루먼트,Texas Instruments Incorporated,NASDAQ,NASDAQ
texas-roadhouse-inc,TXRH,"Texas Roadhouse, Inc.","Texas Roadhouse, Inc.",NASDAQ,NASDAQ
the-carlyle-group-inc,CG,The Carlyle Group Inc.,The Carlyle Group Inc.,NASDAQ,NASDAQ
the-cooper-companies-inc,COO,"The Cooper Companies, Inc.","The Cooper Companies, Inc.",NASDAQ,NASDAQ
the-ensign-group-inc,ENSG,"The Ensign Group, Inc.","The Ensign Group, Inc.",NASDAQ,NASDAQ
the-kraft-heinz-company,KHC,크래프트 하인즈,The Kraft Heinz Company,NASDAQ,NASDAQ
the-trade-desk-inc,TTD,더 트레이드 데스크,"The Trade Desk, Inc.",NASDAQ,NASDAQ
thomson-reuters-corp,TRI,Thomson Reuters Corp,Thomson Reuters Corp,NASDAQ,NASDAQ
tower-semiconductor-ltd,TSEM,타워 세미컨덕터,Tower Semiconductor Ltd.,NASDAQ,NASDAQ
tpg-inc,TPG,TPG Inc.,TPG Inc.,NASDAQ,NASDAQ
tractor-supply-company,TSCO,트랙터 서플라이,Tractor Supply Company,NASDAQ,NASDAQ
tradeweb-markets-inc,TW,Tradeweb Markets Inc.,Tradeweb Markets Inc.,NASDAQ,NASDAQ
trimble-inc,TRMB,Trimble Inc.,Trimble Inc.,NASDAQ,NASDAQ
trip-com-group-limited,TCOM,트립닷컴,Trip.com Group Limited,NASDAQ,NASDAQ
ttm-technologies-inc,TTMI,TTM 테크놀로지스,"TTM Technologies, Inc.",NASDAQ,NASDAQ
ulta-beauty-inc,ULTA,"Ulta Beauty, Inc.","Ulta Beauty, Inc.",NASDAQ,NASDAQ
united-airlines-holdings-inc,UAL,유나이티드 항공,"United Airlines Holdings, Inc.",NASDAQ,NASDAQ
united-therapeutics-corporation,UTHR,유나이티드 테라퓨틱스,United Therapeutics Corporation,NASDAQ,NASDAQ
verisign-inc,VRSN,"VeriSign, Inc.","VeriSign, Inc.",NASDAQ,NASDAQ
verisk-analytics-inc,VRSK,베리스크,"Verisk Analytics, Inc.",NASDAQ,NASDAQ
vertex-pharmaceuticals-incorpor,VRTX,버텍스 파마슈티컬스,Vertex Pharmaceuticals Incorpor,NASDAQ,NASDAQ
viatris-inc,VTRS,Viatris Inc.,Viatris Inc.,NASDAQ,NASDAQ
viper-energy-inc,VNOM,"Viper Energy, Inc.","Viper Energy, Inc.",NASDAQ,NASDAQ
vodafone-group-plc,VOD,보다폰,Vodafone Group Plc,NASDAQ,NASDAQ
walmart,WMT,Walmart Inc.,Walmart Inc.,NASDAQ,NASDAQ
warner-bros-discovery-inc,WBD,워너브라더스 디스커버리,"Warner Bros. Discovery, Inc. - ",NASDAQ,NASDAQ
warner-music-group-corp,WMG,Warner Music Group Corp.,Warner Music Group Corp.,NASDAQ,NASDAQ
western-digital-corporation,WDC,웨스턴 디지털,Western Digital Corporation,NASDAQ,NASDAQ
willis-towers-watson-public-lim,WTW,Willis Towers Watson Public Lim,Willis Towers Watson Public Lim,NASDAQ,NASDAQ
wintrust-financial-corporation,WTFC,윈트러스트 파이낸셜,Wintrust Financial Corporation,NASDAQ,NASDAQ
woodward-inc,WWD,"Woodward, Inc.","Woodward, Inc.",NASDAQ,NASDAQ
workday-inc,WDAY,워크데이,"Workday, Inc.",NASDAQ,NASDAQ
wynn-resorts-limited,WYNN,윈 리조트,"Wynn Resorts, Limited",NASDAQ,NASDAQ
xcel-energy-inc,XEL,엑셀 에너지,Xcel Energy Inc.,NASDAQ,NASDAQ
xp-inc,XP,XP Inc.,XP Inc.,NASDAQ,NASDAQ
zebra-technologies-corporation,ZBRA,지브라 테크놀로지스,Zebra Technologies Corporation,NASDAQ,NASDAQ
zillow-group-inc,Z,"Zillow Group, Inc.","Zillow Group, Inc.",NASDAQ,NASDAQ
zillow-group-inc-2,ZG,"Zillow Group, Inc.","Zillow Group, Inc.",NASDAQ,NASDAQ
zoom-communications-inc,ZM,줌,"Zoom Communications, Inc.",NASDAQ,NASDAQ
zscaler-inc,ZS,지스케일러,"Zscaler, Inc.",NASDAQ,NASDAQ
